body_part,avg_mean,avg_median,avg_std_dev,std_of_means,min_model,min_value,max_model,max_value
overall,0.03076037784082175,0.0212168196953452,0.031115491506113806,0.012513877527088038,00185,0.01853326015998418,00129,0.08590471301067465
Legs,0.022133582919004392,0.019330854253427718,0.014601458199118504,0.009424687239989899,00137,0.013140964660941138,00167,0.05414014545175118
Bottom-Half Clothes,0.022533880385652225,0.019131705272106062,0.016840899997032602,0.007285636167657312,00137,0.01153448591752315,00129,0.05197555567152281
Shoes,0.04682815367918189,0.038456138122705784,0.03570379604923141,0.01367199265910227,00147,0.023008238713639415,00175,0.07947395511795902
Top-Half Clothes,0.022855281247758354,0.018630877754999768,0.01826709865718656,0.007960576071261155,00185,0.01227505253555036,00129,0.04786531732169452
Hands,0.02167236188421988,0.021426600439244083,0.011575614335017182,0.02483530110236293,00156,0.006703809437656284,00129,0.1332602033585955
Hair,0.02384164466223012,0.0216740145714148,0.014629059108639235,0.021165104109089124,00156,0.011745814533229147,00129,0.12340778641023653
Head,0.05112731208120594,0.03976593616150133,0.04241717316201861,0.028556696716933477,00185,0.02000001172303723,00129,0.1429941892906787
